"penalty","mediator","active","frequency","mean_selected"
"MCP","M1",TRUE,0.885,3.445
"MCP","M2",TRUE,0.97,3.445
"MCP","M3",TRUE,0.68,3.445
"MCP","M4",TRUE,0.21,3.445
"MCP","M5",TRUE,0.695,3.445
"MCP","M6",FALSE,0,3.445
"MCP","M7",FALSE,0,3.445
"MCP","M8",FALSE,0,3.445
"MCP","M9",FALSE,0,3.445
"MCP","M10",FALSE,0,3.445
"MCP","M11",FALSE,0,3.445
"MCP","M12",FALSE,0,3.445
"MCP","M13",FALSE,0,3.445
"MCP","M14",FALSE,0,3.445
"MCP","M15",FALSE,0,3.445
"MCP","M16",FALSE,0,3.445
"MCP","M17",FALSE,0,3.445
"MCP","M18",FALSE,0,3.445
"MCP","M19",FALSE,0,3.445
"MCP","M20",FALSE,0,3.445
"MCP","M21",FALSE,0,3.445
"MCP","M22",FALSE,0,3.445
"MCP","M23",FALSE,0,3.445
"MCP","M24",FALSE,0,3.445
"MCP","M25",FALSE,0,3.445
"MCP","M26",FALSE,0,3.445
"MCP","M27",FALSE,0,3.445
"MCP","M28",FALSE,0,3.445
"MCP","M29",FALSE,0,3.445
"MCP","M30",FALSE,0,3.445
"MCP","M31",FALSE,0,3.445
"MCP","M32",FALSE,0,3.445
"MCP","M33",FALSE,0.005,3.445
"MCP","M34",FALSE,0,3.445
"MCP","M35",FALSE,0,3.445
"MCP","M36",FALSE,0,3.445
"MCP","M37",FALSE,0,3.445
"MCP","M38",FALSE,0,3.445
"MCP","M39",FALSE,0,3.445
"MCP","M40",FALSE,0,3.445
"MCP","M41",FALSE,0,3.445
"MCP","M42",FALSE,0,3.445
"MCP","M43",FALSE,0,3.445
"MCP","M44",FALSE,0,3.445
"MCP","M45",FALSE,0,3.445
"MCP","M46",FALSE,0,3.445
"MCP","M47",FALSE,0,3.445
"MCP","M48",FALSE,0,3.445
"MCP","M49",FALSE,0,3.445
"MCP","M50",FALSE,0,3.445
"MCP","M51",FALSE,0,3.445
"MCP","M52",FALSE,0,3.445
"MCP","M53",FALSE,0,3.445
"MCP","M54",FALSE,0,3.445
"MCP","M55",FALSE,0,3.445
"MCP","M56",FALSE,0,3.445
"MCP","M57",FALSE,0,3.445
"MCP","M58",FALSE,0,3.445
"MCP","M59",FALSE,0,3.445
"MCP","M60",FALSE,0,3.445
"MCP","M61",FALSE,0,3.445
"MCP","M62",FALSE,0,3.445
"MCP","M63",FALSE,0,3.445
"MCP","M64",FALSE,0,3.445
"MCP","M65",FALSE,0,3.445
"MCP","M66",FALSE,0,3.445
"MCP","M67",FALSE,0,3.445
"MCP","M68",FALSE,0,3.445
"MCP","M69",FALSE,0,3.445
"MCP","M70",FALSE,0,3.445
"MCP","M71",FALSE,0,3.445
"MCP","M72",FALSE,0,3.445
"MCP","M73",FALSE,0,3.445
"MCP","M74",FALSE,0,3.445
"MCP","M75",FALSE,0,3.445
"MCP","M76",FALSE,0,3.445
"MCP","M77",FALSE,0,3.445
"MCP","M78",FALSE,0,3.445
"MCP","M79",FALSE,0,3.445
"MCP","M80",FALSE,0,3.445
"MCP","M81",FALSE,0,3.445
"MCP","M82",FALSE,0,3.445
"MCP","M83",FALSE,0,3.445
"MCP","M84",FALSE,0,3.445
"MCP","M85",FALSE,0,3.445
"MCP","M86",FALSE,0,3.445
"MCP","M87",FALSE,0,3.445
"MCP","M88",FALSE,0,3.445
"MCP","M89",FALSE,0,3.445
"MCP","M90",FALSE,0,3.445
"MCP","M91",FALSE,0,3.445
"MCP","M92",FALSE,0,3.445
"MCP","M93",FALSE,0,3.445
"MCP","M94",FALSE,0,3.445
"MCP","M95",FALSE,0,3.445
"MCP","M96",FALSE,0,3.445
"MCP","M97",FALSE,0,3.445
"MCP","M98",FALSE,0,3.445
"MCP","M99",FALSE,0,3.445
"MCP","M100",FALSE,0,3.445
"MCP","M101",FALSE,0,3.445
"MCP","M102",FALSE,0,3.445
"MCP","M103",FALSE,0,3.445
"MCP","M104",FALSE,0,3.445
"MCP","M105",FALSE,0,3.445
"MCP","M106",FALSE,0,3.445
"MCP","M107",FALSE,0,3.445
"MCP","M108",FALSE,0,3.445
"MCP","M109",FALSE,0,3.445
"MCP","M110",FALSE,0,3.445
"MCP","M111",FALSE,0,3.445
"MCP","M112",FALSE,0,3.445
"MCP","M113",FALSE,0,3.445
"MCP","M114",FALSE,0,3.445
"MCP","M115",FALSE,0,3.445
"MCP","M116",FALSE,0,3.445
"MCP","M117",FALSE,0,3.445
"MCP","M118",FALSE,0,3.445
"MCP","M119",FALSE,0,3.445
"MCP","M120",FALSE,0,3.445
"MCP","M121",FALSE,0,3.445
"MCP","M122",FALSE,0,3.445
"MCP","M123",FALSE,0,3.445
"MCP","M124",FALSE,0,3.445
"MCP","M125",FALSE,0,3.445
"MCP","M126",FALSE,0,3.445
"MCP","M127",FALSE,0,3.445
"MCP","M128",FALSE,0,3.445
"MCP","M129",FALSE,0,3.445
"MCP","M130",FALSE,0,3.445
"MCP","M131",FALSE,0,3.445
"MCP","M132",FALSE,0,3.445
"MCP","M133",FALSE,0,3.445
"MCP","M134",FALSE,0,3.445
"MCP","M135",FALSE,0,3.445
"MCP","M136",FALSE,0,3.445
"MCP","M137",FALSE,0,3.445
"MCP","M138",FALSE,0,3.445
"MCP","M139",FALSE,0,3.445
"MCP","M140",FALSE,0,3.445
"MCP","M141",FALSE,0,3.445
"MCP","M142",FALSE,0,3.445
"MCP","M143",FALSE,0,3.445
"MCP","M144",FALSE,0,3.445
"MCP","M145",FALSE,0,3.445
"MCP","M146",FALSE,0,3.445
"MCP","M147",FALSE,0,3.445
"MCP","M148",FALSE,0,3.445
"MCP","M149",FALSE,0,3.445
"MCP","M150",FALSE,0,3.445
"MCP","M151",FALSE,0,3.445
"MCP","M152",FALSE,0,3.445
"MCP","M153",FALSE,0,3.445
"MCP","M154",FALSE,0,3.445
"MCP","M155",FALSE,0,3.445
"MCP","M156",FALSE,0,3.445
"MCP","M157",FALSE,0,3.445
"MCP","M158",FALSE,0,3.445
"MCP","M159",FALSE,0,3.445
"MCP","M160",FALSE,0,3.445
"MCP","M161",FALSE,0,3.445
"MCP","M162",FALSE,0,3.445
"MCP","M163",FALSE,0,3.445
"MCP","M164",FALSE,0,3.445
"MCP","M165",FALSE,0,3.445
"MCP","M166",FALSE,0,3.445
"MCP","M167",FALSE,0,3.445
"MCP","M168",FALSE,0,3.445
"MCP","M169",FALSE,0,3.445
"MCP","M170",FALSE,0,3.445
"MCP","M171",FALSE,0,3.445
"MCP","M172",FALSE,0,3.445
"MCP","M173",FALSE,0,3.445
"MCP","M174",FALSE,0,3.445
"MCP","M175",FALSE,0,3.445
"MCP","M176",FALSE,0,3.445
"MCP","M177",FALSE,0,3.445
"MCP","M178",FALSE,0,3.445
"MCP","M179",FALSE,0,3.445
"MCP","M180",FALSE,0,3.445
"MCP","M181",FALSE,0,3.445
"MCP","M182",FALSE,0,3.445
"MCP","M183",FALSE,0,3.445
"MCP","M184",FALSE,0,3.445
"MCP","M185",FALSE,0,3.445
"MCP","M186",FALSE,0,3.445
"MCP","M187",FALSE,0,3.445
"MCP","M188",FALSE,0,3.445
"MCP","M189",FALSE,0,3.445
"MCP","M190",FALSE,0,3.445
"MCP","M191",FALSE,0,3.445
"MCP","M192",FALSE,0,3.445
"MCP","M193",FALSE,0,3.445
"MCP","M194",FALSE,0,3.445
"MCP","M195",FALSE,0,3.445
"MCP","M196",FALSE,0,3.445
"MCP","M197",FALSE,0,3.445
"MCP","M198",FALSE,0,3.445
"MCP","M199",FALSE,0,3.445
"MCP","M200",FALSE,0,3.445
"lasso","M1",TRUE,0.89,3.45
"lasso","M2",TRUE,0.98,3.45
"lasso","M3",TRUE,0.66,3.45
"lasso","M4",TRUE,0.21,3.45
"lasso","M5",TRUE,0.705,3.45
"lasso","M6",FALSE,0,3.45
"lasso","M7",FALSE,0,3.45
"lasso","M8",FALSE,0,3.45
"lasso","M9",FALSE,0,3.45
"lasso","M10",FALSE,0,3.45
"lasso","M11",FALSE,0,3.45
"lasso","M12",FALSE,0,3.45
"lasso","M13",FALSE,0,3.45
"lasso","M14",FALSE,0,3.45
"lasso","M15",FALSE,0,3.45
"lasso","M16",FALSE,0,3.45
"lasso","M17",FALSE,0,3.45
"lasso","M18",FALSE,0,3.45
"lasso","M19",FALSE,0,3.45
"lasso","M20",FALSE,0,3.45
"lasso","M21",FALSE,0,3.45
"lasso","M22",FALSE,0,3.45
"lasso","M23",FALSE,0,3.45
"lasso","M24",FALSE,0,3.45
"lasso","M25",FALSE,0,3.45
"lasso","M26",FALSE,0,3.45
"lasso","M27",FALSE,0,3.45
"lasso","M28",FALSE,0,3.45
"lasso","M29",FALSE,0,3.45
"lasso","M30",FALSE,0,3.45
"lasso","M31",FALSE,0,3.45
"lasso","M32",FALSE,0,3.45
"lasso","M33",FALSE,0.005,3.45
"lasso","M34",FALSE,0,3.45
"lasso","M35",FALSE,0,3.45
"lasso","M36",FALSE,0,3.45
"lasso","M37",FALSE,0,3.45
"lasso","M38",FALSE,0,3.45
"lasso","M39",FALSE,0,3.45
"lasso","M40",FALSE,0,3.45
"lasso","M41",FALSE,0,3.45
"lasso","M42",FALSE,0,3.45
"lasso","M43",FALSE,0,3.45
"lasso","M44",FALSE,0,3.45
"lasso","M45",FALSE,0,3.45
"lasso","M46",FALSE,0,3.45
"lasso","M47",FALSE,0,3.45
"lasso","M48",FALSE,0,3.45
"lasso","M49",FALSE,0,3.45
"lasso","M50",FALSE,0,3.45
"lasso","M51",FALSE,0,3.45
"lasso","M52",FALSE,0,3.45
"lasso","M53",FALSE,0,3.45
"lasso","M54",FALSE,0,3.45
"lasso","M55",FALSE,0,3.45
"lasso","M56",FALSE,0,3.45
"lasso","M57",FALSE,0,3.45
"lasso","M58",FALSE,0,3.45
"lasso","M59",FALSE,0,3.45
"lasso","M60",FALSE,0,3.45
"lasso","M61",FALSE,0,3.45
"lasso","M62",FALSE,0,3.45
"lasso","M63",FALSE,0,3.45
"lasso","M64",FALSE,0,3.45
"lasso","M65",FALSE,0,3.45
"lasso","M66",FALSE,0,3.45
"lasso","M67",FALSE,0,3.45
"lasso","M68",FALSE,0,3.45
"lasso","M69",FALSE,0,3.45
"lasso","M70",FALSE,0,3.45
"lasso","M71",FALSE,0,3.45
"lasso","M72",FALSE,0,3.45
"lasso","M73",FALSE,0,3.45
"lasso","M74",FALSE,0,3.45
"lasso","M75",FALSE,0,3.45
"lasso","M76",FALSE,0,3.45
"lasso","M77",FALSE,0,3.45
"lasso","M78",FALSE,0,3.45
"lasso","M79",FALSE,0,3.45
"lasso","M80",FALSE,0,3.45
"lasso","M81",FALSE,0,3.45
"lasso","M82",FALSE,0,3.45
"lasso","M83",FALSE,0,3.45
"lasso","M84",FALSE,0,3.45
"lasso","M85",FALSE,0,3.45
"lasso","M86",FALSE,0,3.45
"lasso","M87",FALSE,0,3.45
"lasso","M88",FALSE,0,3.45
"lasso","M89",FALSE,0,3.45
"lasso","M90",FALSE,0,3.45
"lasso","M91",FALSE,0,3.45
"lasso","M92",FALSE,0,3.45
"lasso","M93",FALSE,0,3.45
"lasso","M94",FALSE,0,3.45
"lasso","M95",FALSE,0,3.45
"lasso","M96",FALSE,0,3.45
"lasso","M97",FALSE,0,3.45
"lasso","M98",FALSE,0,3.45
"lasso","M99",FALSE,0,3.45
"lasso","M100",FALSE,0,3.45
"lasso","M101",FALSE,0,3.45
"lasso","M102",FALSE,0,3.45
"lasso","M103",FALSE,0,3.45
"lasso","M104",FALSE,0,3.45
"lasso","M105",FALSE,0,3.45
"lasso","M106",FALSE,0,3.45
"lasso","M107",FALSE,0,3.45
"lasso","M108",FALSE,0,3.45
"lasso","M109",FALSE,0,3.45
"lasso","M110",FALSE,0,3.45
"lasso","M111",FALSE,0,3.45
"lasso","M112",FALSE,0,3.45
"lasso","M113",FALSE,0,3.45
"lasso","M114",FALSE,0,3.45
"lasso","M115",FALSE,0,3.45
"lasso","M116",FALSE,0,3.45
"lasso","M117",FALSE,0,3.45
"lasso","M118",FALSE,0,3.45
"lasso","M119",FALSE,0,3.45
"lasso","M120",FALSE,0,3.45
"lasso","M121",FALSE,0,3.45
"lasso","M122",FALSE,0,3.45
"lasso","M123",FALSE,0,3.45
"lasso","M124",FALSE,0,3.45
"lasso","M125",FALSE,0,3.45
"lasso","M126",FALSE,0,3.45
"lasso","M127",FALSE,0,3.45
"lasso","M128",FALSE,0,3.45
"lasso","M129",FALSE,0,3.45
"lasso","M130",FALSE,0,3.45
"lasso","M131",FALSE,0,3.45
"lasso","M132",FALSE,0,3.45
"lasso","M133",FALSE,0,3.45
"lasso","M134",FALSE,0,3.45
"lasso","M135",FALSE,0,3.45
"lasso","M136",FALSE,0,3.45
"lasso","M137",FALSE,0,3.45
"lasso","M138",FALSE,0,3.45
"lasso","M139",FALSE,0,3.45
"lasso","M140",FALSE,0,3.45
"lasso","M141",FALSE,0,3.45
"lasso","M142",FALSE,0,3.45
"lasso","M143",FALSE,0,3.45
"lasso","M144",FALSE,0,3.45
"lasso","M145",FALSE,0,3.45
"lasso","M146",FALSE,0,3.45
"lasso","M147",FALSE,0,3.45
"lasso","M148",FALSE,0,3.45
"lasso","M149",FALSE,0,3.45
"lasso","M150",FALSE,0,3.45
"lasso","M151",FALSE,0,3.45
"lasso","M152",FALSE,0,3.45
"lasso","M153",FALSE,0,3.45
"lasso","M154",FALSE,0,3.45
"lasso","M155",FALSE,0,3.45
"lasso","M156",FALSE,0,3.45
"lasso","M157",FALSE,0,3.45
"lasso","M158",FALSE,0,3.45
"lasso","M159",FALSE,0,3.45
"lasso","M160",FALSE,0,3.45
"lasso","M161",FALSE,0,3.45
"lasso","M162",FALSE,0,3.45
"lasso","M163",FALSE,0,3.45
"lasso","M164",FALSE,0,3.45
"lasso","M165",FALSE,0,3.45
"lasso","M166",FALSE,0,3.45
"lasso","M167",FALSE,0,3.45
"lasso","M168",FALSE,0,3.45
"lasso","M169",FALSE,0,3.45
"lasso","M170",FALSE,0,3.45
"lasso","M171",FALSE,0,3.45
"lasso","M172",FALSE,0,3.45
"lasso","M173",FALSE,0,3.45
"lasso","M174",FALSE,0,3.45
"lasso","M175",FALSE,0,3.45
"lasso","M176",FALSE,0,3.45
"lasso","M177",FALSE,0,3.45
"lasso","M178",FALSE,0,3.45
"lasso","M179",FALSE,0,3.45
"lasso","M180",FALSE,0,3.45
"lasso","M181",FALSE,0,3.45
"lasso","M182",FALSE,0,3.45
"lasso","M183",FALSE,0,3.45
"lasso","M184",FALSE,0,3.45
"lasso","M185",FALSE,0,3.45
"lasso","M186",FALSE,0,3.45
"lasso","M187",FALSE,0,3.45
"lasso","M188",FALSE,0,3.45
"lasso","M189",FALSE,0,3.45
"lasso","M190",FALSE,0,3.45
"lasso","M191",FALSE,0,3.45
"lasso","M192",FALSE,0,3.45
"lasso","M193",FALSE,0,3.45
"lasso","M194",FALSE,0,3.45
"lasso","M195",FALSE,0,3.45
"lasso","M196",FALSE,0,3.45
"lasso","M197",FALSE,0,3.45
"lasso","M198",FALSE,0,3.45
"lasso","M199",FALSE,0,3.45
"lasso","M200",FALSE,0,3.45
"DBlasso","M1",TRUE,0.865,3.525
"DBlasso","M2",TRUE,0.955,3.525
"DBlasso","M3",TRUE,0.675,3.525
"DBlasso","M4",TRUE,0.22,3.525
"DBlasso","M5",TRUE,0.81,3.525
"DBlasso","M6",FALSE,0,3.525
"DBlasso","M7",FALSE,0,3.525
"DBlasso","M8",FALSE,0,3.525
"DBlasso","M9",FALSE,0,3.525
"DBlasso","M10",FALSE,0,3.525
"DBlasso","M11",FALSE,0,3.525
"DBlasso","M12",FALSE,0,3.525
"DBlasso","M13",FALSE,0,3.525
"DBlasso","M14",FALSE,0,3.525
"DBlasso","M15",FALSE,0,3.525
"DBlasso","M16",FALSE,0,3.525
"DBlasso","M17",FALSE,0,3.525
"DBlasso","M18",FALSE,0,3.525
"DBlasso","M19",FALSE,0,3.525
"DBlasso","M20",FALSE,0,3.525
"DBlasso","M21",FALSE,0,3.525
"DBlasso","M22",FALSE,0,3.525
"DBlasso","M23",FALSE,0,3.525
"DBlasso","M24",FALSE,0,3.525
"DBlasso","M25",FALSE,0,3.525
"DBlasso","M26",FALSE,0,3.525
"DBlasso","M27",FALSE,0,3.525
"DBlasso","M28",FALSE,0,3.525
"DBlasso","M29",FALSE,0,3.525
"DBlasso","M30",FALSE,0,3.525
"DBlasso","M31",FALSE,0,3.525
"DBlasso","M32",FALSE,0,3.525
"DBlasso","M33",FALSE,0,3.525
"DBlasso","M34",FALSE,0,3.525
"DBlasso","M35",FALSE,0,3.525
"DBlasso","M36",FALSE,0,3.525
"DBlasso","M37",FALSE,0,3.525
"DBlasso","M38",FALSE,0,3.525
"DBlasso","M39",FALSE,0,3.525
"DBlasso","M40",FALSE,0,3.525
"DBlasso","M41",FALSE,0,3.525
"DBlasso","M42",FALSE,0,3.525
"DBlasso","M43",FALSE,0,3.525
"DBlasso","M44",FALSE,0,3.525
"DBlasso","M45",FALSE,0,3.525
"DBlasso","M46",FALSE,0,3.525
"DBlasso","M47",FALSE,0,3.525
"DBlasso","M48",FALSE,0,3.525
"DBlasso","M49",FALSE,0,3.525
"DBlasso","M50",FALSE,0,3.525
"DBlasso","M51",FALSE,0,3.525
"DBlasso","M52",FALSE,0,3.525
"DBlasso","M53",FALSE,0,3.525
"DBlasso","M54",FALSE,0,3.525
"DBlasso","M55",FALSE,0,3.525
"DBlasso","M56",FALSE,0,3.525
"DBlasso","M57",FALSE,0,3.525
"DBlasso","M58",FALSE,0,3.525
"DBlasso","M59",FALSE,0,3.525
"DBlasso","M60",FALSE,0,3.525
"DBlasso","M61",FALSE,0,3.525
"DBlasso","M62",FALSE,0,3.525
"DBlasso","M63",FALSE,0,3.525
"DBlasso","M64",FALSE,0,3.525
"DBlasso","M65",FALSE,0,3.525
"DBlasso","M66",FALSE,0,3.525
"DBlasso","M67",FALSE,0,3.525
"DBlasso","M68",FALSE,0,3.525
"DBlasso","M69",FALSE,0,3.525
"DBlasso","M70",FALSE,0,3.525
"DBlasso","M71",FALSE,0,3.525
"DBlasso","M72",FALSE,0,3.525
"DBlasso","M73",FALSE,0,3.525
"DBlasso","M74",FALSE,0,3.525
"DBlasso","M75",FALSE,0,3.525
"DBlasso","M76",FALSE,0,3.525
"DBlasso","M77",FALSE,0,3.525
"DBlasso","M78",FALSE,0,3.525
"DBlasso","M79",FALSE,0,3.525
"DBlasso","M80",FALSE,0,3.525
"DBlasso","M81",FALSE,0,3.525
"DBlasso","M82",FALSE,0,3.525
"DBlasso","M83",FALSE,0,3.525
"DBlasso","M84",FALSE,0,3.525
"DBlasso","M85",FALSE,0,3.525
"DBlasso","M86",FALSE,0,3.525
"DBlasso","M87",FALSE,0,3.525
"DBlasso","M88",FALSE,0,3.525
"DBlasso","M89",FALSE,0,3.525
"DBlasso","M90",FALSE,0,3.525
"DBlasso","M91",FALSE,0,3.525
"DBlasso","M92",FALSE,0,3.525
"DBlasso","M93",FALSE,0,3.525
"DBlasso","M94",FALSE,0,3.525
"DBlasso","M95",FALSE,0,3.525
"DBlasso","M96",FALSE,0,3.525
"DBlasso","M97",FALSE,0,3.525
"DBlasso","M98",FALSE,0,3.525
"DBlasso","M99",FALSE,0,3.525
"DBlasso","M100",FALSE,0,3.525
"DBlasso","M101",FALSE,0,3.525
"DBlasso","M102",FALSE,0,3.525
"DBlasso","M103",FALSE,0,3.525
"DBlasso","M104",FALSE,0,3.525
"DBlasso","M105",FALSE,0,3.525
"DBlasso","M106",FALSE,0,3.525
"DBlasso","M107",FALSE,0,3.525
"DBlasso","M108",FALSE,0,3.525
"DBlasso","M109",FALSE,0,3.525
"DBlasso","M110",FALSE,0,3.525
"DBlasso","M111",FALSE,0,3.525
"DBlasso","M112",FALSE,0,3.525
"DBlasso","M113",FALSE,0,3.525
"DBlasso","M114",FALSE,0,3.525
"DBlasso","M115",FALSE,0,3.525
"DBlasso","M116",FALSE,0,3.525
"DBlasso","M117",FALSE,0,3.525
"DBlasso","M118",FALSE,0,3.525
"DBlasso","M119",FALSE,0,3.525
"DBlasso","M120",FALSE,0,3.525
"DBlasso","M121",FALSE,0,3.525
"DBlasso","M122",FALSE,0,3.525
"DBlasso","M123",FALSE,0,3.525
"DBlasso","M124",FALSE,0,3.525
"DBlasso","M125",FALSE,0,3.525
"DBlasso","M126",FALSE,0,3.525
"DBlasso","M127",FALSE,0,3.525
"DBlasso","M128",FALSE,0,3.525
"DBlasso","M129",FALSE,0,3.525
"DBlasso","M130",FALSE,0,3.525
"DBlasso","M131",FALSE,0,3.525
"DBlasso","M132",FALSE,0,3.525
"DBlasso","M133",FALSE,0,3.525
"DBlasso","M134",FALSE,0,3.525
"DBlasso","M135",FALSE,0,3.525
"DBlasso","M136",FALSE,0,3.525
"DBlasso","M137",FALSE,0,3.525
"DBlasso","M138",FALSE,0,3.525
"DBlasso","M139",FALSE,0,3.525
"DBlasso","M140",FALSE,0,3.525
"DBlasso","M141",FALSE,0,3.525
"DBlasso","M142",FALSE,0,3.525
"DBlasso","M143",FALSE,0,3.525
"DBlasso","M144",FALSE,0,3.525
"DBlasso","M145",FALSE,0,3.525
"DBlasso","M146",FALSE,0,3.525
"DBlasso","M147",FALSE,0,3.525
"DBlasso","M148",FALSE,0,3.525
"DBlasso","M149",FALSE,0,3.525
"DBlasso","M150",FALSE,0,3.525
"DBlasso","M151",FALSE,0,3.525
"DBlasso","M152",FALSE,0,3.525
"DBlasso","M153",FALSE,0,3.525
"DBlasso","M154",FALSE,0,3.525
"DBlasso","M155",FALSE,0,3.525
"DBlasso","M156",FALSE,0,3.525
"DBlasso","M157",FALSE,0,3.525
"DBlasso","M158",FALSE,0,3.525
"DBlasso","M159",FALSE,0,3.525
"DBlasso","M160",FALSE,0,3.525
"DBlasso","M161",FALSE,0,3.525
"DBlasso","M162",FALSE,0,3.525
"DBlasso","M163",FALSE,0,3.525
"DBlasso","M164",FALSE,0,3.525
"DBlasso","M165",FALSE,0,3.525
"DBlasso","M166",FALSE,0,3.525
"DBlasso","M167",FALSE,0,3.525
"DBlasso","M168",FALSE,0,3.525
"DBlasso","M169",FALSE,0,3.525
"DBlasso","M170",FALSE,0,3.525
"DBlasso","M171",FALSE,0,3.525
"DBlasso","M172",FALSE,0,3.525
"DBlasso","M173",FALSE,0,3.525
"DBlasso","M174",FALSE,0,3.525
"DBlasso","M175",FALSE,0,3.525
"DBlasso","M176",FALSE,0,3.525
"DBlasso","M177",FALSE,0,3.525
"DBlasso","M178",FALSE,0,3.525
"DBlasso","M179",FALSE,0,3.525
"DBlasso","M180",FALSE,0,3.525
"DBlasso","M181",FALSE,0,3.525
"DBlasso","M182",FALSE,0,3.525
"DBlasso","M183",FALSE,0,3.525
"DBlasso","M184",FALSE,0,3.525
"DBlasso","M185",FALSE,0,3.525
"DBlasso","M186",FALSE,0,3.525
"DBlasso","M187",FALSE,0,3.525
"DBlasso","M188",FALSE,0,3.525
"DBlasso","M189",FALSE,0,3.525
"DBlasso","M190",FALSE,0,3.525
"DBlasso","M191",FALSE,0,3.525
"DBlasso","M192",FALSE,0,3.525
"DBlasso","M193",FALSE,0,3.525
"DBlasso","M194",FALSE,0,3.525
"DBlasso","M195",FALSE,0,3.525
"DBlasso","M196",FALSE,0,3.525
"DBlasso","M197",FALSE,0,3.525
"DBlasso","M198",FALSE,0,3.525
"DBlasso","M199",FALSE,0,3.525
"DBlasso","M200",FALSE,0,3.525
