"exposure","product","outliers","estimator","parameter","reps","failed","est","mcse","truth","bias","message"
"binary",TRUE,0,"bmem","a",200,0,0.494295686711345,0.00456088398161953,0.5,-0.00570431328865462,NA
"binary",TRUE,0,"bmem","b",200,0,0.294461152871786,0.00327233874664817,0.3,-0.00553884712821384,NA
"binary",TRUE,0,"bmem","g",200,0,0.203494503724746,0.00478800311399335,0.2,0.00349450372474616,NA
"binary",TRUE,0,"bmem","pnie",200,0,0.145704790144746,0.00214779180849215,0.15,-0.00429520985525439,NA
"binary",TRUE,0,"bmem","tnie",200,0,0.246071033493497,0.00281966090237025,0.25,-0.00392896650650276,NA
"binary",TRUE,0,"bmemLavaan","a",0,200,NA,NA,0.5,NA,"system is computationally singular: reciprocal condition number = 4.46315e-17"
"binary",TRUE,0,"bmemLavaan","b",0,200,NA,NA,0.3,NA,"system is computationally singular: reciprocal condition number = 4.46315e-17"
"binary",TRUE,0,"bmemLavaan","g",0,200,NA,NA,0.2,NA,"system is computationally singular: reciprocal condition number = 4.46315e-17"
"binary",TRUE,0,"bmemLavaan","pnie",0,200,NA,NA,0.15,NA,"system is computationally singular: reciprocal condition number = 4.46315e-17"
"binary",TRUE,0,"bmemLavaan","tnie",0,200,NA,NA,0.25,NA,"system is computationally singular: reciprocal condition number = 4.46315e-17"
"binary",TRUE,0,"lavaan","a",200,0,0.49337483140767,0.00431201570843668,0.5,-0.00662516859232981,NA
"binary",TRUE,0,"lavaan","b",200,0,0.294986913437986,0.0031588437433643,0.3,-0.00501308656201416,NA
"binary",TRUE,0,"lavaan","g",200,0,0.20202722246559,0.00460473588496504,0.2,0.00202722246558959,NA
"binary",TRUE,0,"lavaan","pnie",200,0,0.145738445990097,0.00207952579273388,0.15,-0.00426155400990305,NA
"binary",TRUE,0,"lavaan","tnie",200,0,0.245191696575582,0.00266594187021914,0.25,-0.00480830342441765,NA
"binary",TRUE,0.05,"bmem","a",200,0,0.496452368890717,0.00445517442845556,0.5,-0.00354763110928263,NA
"binary",TRUE,0.05,"bmem","b",200,0,0.300770703026181,0.00381111932472546,0.3,0.000770703026181374,NA
"binary",TRUE,0.05,"bmem","g",200,0,0.202984620330461,0.00508045373909556,0.2,0.00298462033046118,NA
"binary",TRUE,0.05,"bmem","pnie",200,0,0.149598275292024,0.00239897497721627,0.15,-0.000401724707976142,NA
"binary",TRUE,0.05,"bmem","tnie",200,0,0.249766459331529,0.00262998997244171,0.25,-0.000233540668471227,NA
"binary",TRUE,0.05,"bmemLavaan","a",0,200,NA,NA,0.5,NA,"system is computationally singular: reciprocal condition number = 4.08366e-18"
"binary",TRUE,0.05,"bmemLavaan","b",0,200,NA,NA,0.3,NA,"system is computationally singular: reciprocal condition number = 4.08366e-18"
"binary",TRUE,0.05,"bmemLavaan","g",0,200,NA,NA,0.2,NA,"system is computationally singular: reciprocal condition number = 4.08366e-18"
"binary",TRUE,0.05,"bmemLavaan","pnie",0,200,NA,NA,0.15,NA,"system is computationally singular: reciprocal condition number = 4.08366e-18"
"binary",TRUE,0.05,"bmemLavaan","tnie",0,200,NA,NA,0.25,NA,"system is computationally singular: reciprocal condition number = 4.08366e-18"
"binary",TRUE,0.05,"lavaan","a",200,0,0.497610211044507,0.00413810001205293,0.5,-0.00238978895549252,NA
"binary",TRUE,0.05,"lavaan","b",200,0,0.294536874451002,0.00752646090022987,0.3,-0.00546312554899847,NA
"binary",TRUE,0.05,"lavaan","g",200,0,0.212186713469599,0.010496802593339,0.2,0.0121867134695987,NA
"binary",TRUE,0.05,"lavaan","pnie",200,0,0.146864168524233,0.00399853976965998,0.15,-0.00313583147576665,NA
"binary",TRUE,0.05,"lavaan","tnie",200,0,0.251370366707302,0.0039961855142488,0.25,0.0013703667073024,NA
"binary",FALSE,0,"bmem","a",200,0,0.498754262591002,0.00405271781962628,0.5,-0.00124573740899803,NA
"binary",FALSE,0,"bmem","b",200,0,0.297627953961311,0.00241558270797858,0.3,-0.00237204603868885,NA
"binary",FALSE,0,"bmem","g",200,0,0,0,0,0,NA
"binary",FALSE,0,"bmem","pnie",200,0,0.148349237238748,0.00167132342568045,0.15,-0.00165076276125181,NA
"binary",FALSE,0,"bmem","tnie",200,0,0.148349237238748,0.00167132342568045,0.15,-0.00165076276125181,NA
"binary",FALSE,0,"bmemLavaan","a",200,0,0.498754262591002,0.00405271781962628,0.5,-0.00124573740899803,NA
"binary",FALSE,0,"bmemLavaan","b",200,0,0.297627953961311,0.00241558270797858,0.3,-0.00237204603868885,NA
"binary",FALSE,0,"bmemLavaan","g",200,0,0,0,0,0,NA
"binary",FALSE,0,"bmemLavaan","pnie",200,0,0.148349237238748,0.00167132342568045,0.15,-0.00165076276125181,NA
"binary",FALSE,0,"bmemLavaan","tnie",200,0,0.148349237238748,0.00167132342568045,0.15,-0.00165076276125181,NA
"binary",FALSE,0,"lavaan","a",200,0,0.499053630642126,0.00398786930344717,0.5,-0.000946369357873567,NA
"binary",FALSE,0,"lavaan","b",200,0,0.297644020066244,0.00233135896387938,0.3,-0.00235597993375569,NA
"binary",FALSE,0,"lavaan","g",200,0,0,0,0,0,NA
"binary",FALSE,0,"lavaan","pnie",200,0,0.148411679633278,0.00161468977871565,0.15,-0.00158832036672157,NA
"binary",FALSE,0,"lavaan","tnie",200,0,0.148411679633278,0.00161468977871565,0.15,-0.00158832036672157,NA
"binary",FALSE,0.05,"bmem","a",200,0,0.499907898909052,0.00429896958842214,0.5,-9.21010909482045e-05,NA
"binary",FALSE,0.05,"bmem","b",200,0,0.2999859269145,0.00234423377626342,0.3,-1.40730854995552e-05,NA
"binary",FALSE,0.05,"bmem","g",200,0,0,0,0,0,NA
"binary",FALSE,0.05,"bmem","pnie",200,0,0.150069667716302,0.00175598997928831,0.15,6.96677163019299e-05,NA
"binary",FALSE,0.05,"bmem","tnie",200,0,0.150069667716302,0.00175598997928831,0.15,6.96677163019299e-05,NA
"binary",FALSE,0.05,"bmemLavaan","a",200,0,0.499907898909052,0.00429896958842214,0.5,-9.21010909482045e-05,NA
"binary",FALSE,0.05,"bmemLavaan","b",200,0,0.2999859269145,0.00234423377626342,0.3,-1.40730854995552e-05,NA
"binary",FALSE,0.05,"bmemLavaan","g",200,0,0,0,0,0,NA
"binary",FALSE,0.05,"bmemLavaan","pnie",200,0,0.150069667716302,0.00175598997928831,0.15,6.96677163019299e-05,NA
"binary",FALSE,0.05,"bmemLavaan","tnie",200,0,0.150069667716302,0.00175598997928831,0.15,6.96677163019299e-05,NA
"binary",FALSE,0.05,"lavaan","a",200,0,0.499502680973729,0.00419677022965456,0.5,-0.000497319026270648,NA
"binary",FALSE,0.05,"lavaan","b",200,0,0.300924189967411,0.0052684422947381,0.3,0.000924189967411226,NA
"binary",FALSE,0.05,"lavaan","g",200,0,0,0,0,0,NA
"binary",FALSE,0.05,"lavaan","pnie",200,0,0.150815071615762,0.00305367583403716,0.15,0.00081507161576172,NA
"binary",FALSE,0.05,"lavaan","tnie",200,0,0.150815071615762,0.00305367583403716,0.15,0.00081507161576172,NA
"continuous",TRUE,0,"bmem","a",200,0,0.434950349025387,0.0022650058215782,0.5,-0.0650496509746133,NA
"continuous",TRUE,0,"bmem","b",200,0,0.304638867966539,0.00235257673980003,0.3,0.0046388679665389,NA
"continuous",TRUE,0,"bmem","g",200,0,0.202546045589238,0.00225089025848901,0.2,0.00254604558923832,NA
"continuous",TRUE,0,"bmem","pnie",200,0,0.132464226436555,0.00121240769232349,0.15,-0.0175357735634454,NA
"continuous",TRUE,0,"bmem","tnie",200,0,0.220495876611685,0.00182838155907938,0.25,-0.0295041233883152,NA
"continuous",TRUE,0,"bmemLavaan","a",200,0,0.434950349025387,0.0022650058215782,0.5,-0.0650496509746133,NA
"continuous",TRUE,0,"bmemLavaan","b",200,0,0.304638867966539,0.00235257673980003,0.3,0.0046388679665389,NA
"continuous",TRUE,0,"bmemLavaan","g",200,0,0.202546045589238,0.00225089025848901,0.2,0.00254604558923832,NA
"continuous",TRUE,0,"bmemLavaan","pnie",200,0,0.132464226436555,0.00121240769232349,0.15,-0.0175357735634454,NA
"continuous",TRUE,0,"bmemLavaan","tnie",200,0,0.220495876611685,0.00182838155907938,0.25,-0.0295041233883152,NA
"continuous",TRUE,0,"lavaan","a",200,0,0.50167734966816,0.00211157953659828,0.5,0.00167734966815958,NA
"continuous",TRUE,0,"lavaan","b",200,0,0.304733535406172,0.00219852861244771,0.3,0.00473353540617233,NA
"continuous",TRUE,0,"lavaan","g",200,0,0.2024061320427,0.00182858822192944,0.2,0.00240613204270002,NA
"continuous",TRUE,0,"lavaan","pnie",200,0,0.152797596119898,0.00122757296580505,0.15,0.00279759611989824,NA
"continuous",TRUE,0,"lavaan","tnie",200,0,0.254313532892307,0.00182910856147988,0.25,0.00431353289230696,NA
"continuous",TRUE,0.05,"bmem","a",200,0,0.435808629162131,0.00234341249409487,0.5,-0.0641913708378689,NA
"continuous",TRUE,0.05,"bmem","b",200,0,0.299162552842042,0.00254035011674475,0.3,-0.000837447157957638,NA
"continuous",TRUE,0.05,"bmem","g",200,0,0.217937089453911,0.00247234304017362,0.2,0.0179370894539112,NA
"continuous",TRUE,0.05,"bmem","pnie",200,0,0.130433929927527,0.00134743253801483,0.15,-0.0195660700724727,NA
"continuous",TRUE,0.05,"bmem","tnie",200,0,0.22542127549564,0.00208587212330537,0.25,-0.0245787245043596,NA
"continuous",TRUE,0.05,"bmemLavaan","a",200,0,0.435808629162131,0.00234341249409487,0.5,-0.0641913708378689,NA
"continuous",TRUE,0.05,"bmemLavaan","b",200,0,0.299162552842042,0.00254035011674475,0.3,-0.000837447157957638,NA
"continuous",TRUE,0.05,"bmemLavaan","g",200,0,0.217937089453911,0.00247234304017362,0.2,0.0179370894539112,NA
"continuous",TRUE,0.05,"bmemLavaan","pnie",200,0,0.130433929927527,0.00134743253801483,0.15,-0.0195660700724727,NA
"continuous",TRUE,0.05,"bmemLavaan","tnie",200,0,0.22542127549564,0.00208587212330537,0.25,-0.0245787245043596,NA
"continuous",TRUE,0.05,"lavaan","a",200,0,0.503300454838542,0.00225947200555193,0.5,0.00330045483854202,NA
"continuous",TRUE,0.05,"lavaan","b",200,0,0.293763699163939,0.00516890142439056,0.3,-0.00623630083606092,NA
"continuous",TRUE,0.05,"lavaan","g",200,0,0.19675017380541,0.00411809840356651,0.2,-0.00324982619458977,NA
"continuous",TRUE,0.05,"lavaan","pnie",200,0,0.147974347608288,0.00271742014877519,0.15,-0.00202565239171218,NA
"continuous",TRUE,0.05,"lavaan","tnie",200,0,0.247061865217087,0.0037480550437643,0.25,-0.00293813478291266,NA
"continuous",FALSE,0,"bmem","a",200,0,0.504031224112671,0.00217637921359735,0.5,0.00403122411267098,NA
"continuous",FALSE,0,"bmem","b",200,0,0.301890832784995,0.00204650070969687,0.3,0.00189083278499508,NA
"continuous",FALSE,0,"bmem","g",200,0,0,0,0,0,NA
"continuous",FALSE,0,"bmem","pnie",200,0,0.152204346729763,0.00125420137382026,0.15,0.00220434672976291,NA
"continuous",FALSE,0,"bmem","tnie",200,0,0.152204346729763,0.00125420137382026,0.15,0.00220434672976291,NA
"continuous",FALSE,0,"bmemLavaan","a",200,0,0.504031224112671,0.00217637921359735,0.5,0.00403122411267098,NA
"continuous",FALSE,0,"bmemLavaan","b",200,0,0.301890832784995,0.00204650070969687,0.3,0.00189083278499508,NA
"continuous",FALSE,0,"bmemLavaan","g",200,0,0,0,0,0,NA
"continuous",FALSE,0,"bmemLavaan","pnie",200,0,0.152204346729763,0.00125420137382026,0.15,0.00220434672976291,NA
"continuous",FALSE,0,"bmemLavaan","tnie",200,0,0.152204346729763,0.00125420137382026,0.15,0.00220434672976291,NA
"continuous",FALSE,0,"lavaan","a",200,0,0.504189237952793,0.00210008913902124,0.5,0.00418923795279336,NA
"continuous",FALSE,0,"lavaan","b",200,0,0.30219293783177,0.00194457618493308,0.3,0.00219293783176955,NA
"continuous",FALSE,0,"lavaan","g",200,0,0,0,0,0,NA
"continuous",FALSE,0,"lavaan","pnie",200,0,0.152361140701708,0.0011669372077365,0.15,0.00236114070170795,NA
"continuous",FALSE,0,"lavaan","tnie",200,0,0.152361140701708,0.0011669372077365,0.15,0.00236114070170795,NA
"continuous",FALSE,0.05,"bmem","a",200,0,0.502942850867879,0.00223682412206441,0.5,0.00294285086787927,NA
"continuous",FALSE,0.05,"bmem","b",200,0,0.297154396705658,0.00236753537822273,0.3,-0.00284560329434158,NA
"continuous",FALSE,0.05,"bmem","g",200,0,0,0,0,0,NA
"continuous",FALSE,0.05,"bmem","pnie",200,0,0.149520114407919,0.0013938087401851,0.15,-0.000479885592080592,NA
"continuous",FALSE,0.05,"bmem","tnie",200,0,0.149520114407919,0.0013938087401851,0.15,-0.000479885592080592,NA
"continuous",FALSE,0.05,"bmemLavaan","a",200,0,0.502942850867879,0.00223682412206441,0.5,0.00294285086787927,NA
"continuous",FALSE,0.05,"bmemLavaan","b",200,0,0.297154396705658,0.00236753537822273,0.3,-0.00284560329434158,NA
"continuous",FALSE,0.05,"bmemLavaan","g",200,0,0,0,0,0,NA
"continuous",FALSE,0.05,"bmemLavaan","pnie",200,0,0.149520114407919,0.0013938087401851,0.15,-0.000479885592080592,NA
"continuous",FALSE,0.05,"bmemLavaan","tnie",200,0,0.149520114407919,0.0013938087401851,0.15,-0.000479885592080592,NA
"continuous",FALSE,0.05,"lavaan","a",200,0,0.50295041146938,0.00218233846135375,0.5,0.00295041146938024,NA
"continuous",FALSE,0.05,"lavaan","b",200,0,0.288758070406055,0.00541976795928009,0.3,-0.0112419295939449,NA
"continuous",FALSE,0.05,"lavaan","g",200,0,0,0,0,0,NA
"continuous",FALSE,0.05,"lavaan","pnie",200,0,0.145054150591793,0.00276353947331141,0.15,-0.00494584940820678,NA
"continuous",FALSE,0.05,"lavaan","tnie",200,0,0.145054150591793,0.00276353947331141,0.15,-0.00494584940820678,NA
