"package","source","screen","scope","role","note","version","published","title","keyword_title","keyword_description","task_view","downloads"
"psych","search","include","general","estimation","mediate() front end for regression-based mediation within a psychometrics toolkit","2.6.9","2026-09-30 15:50:02 UTC","Procedures for Psychological, Psychometric, and Personality Research",FALSE,TRUE,FALSE,2688995
"lavaan","added","include","general","estimation","Added outside the search as the general SEM engine used for path and latent-variable mediation","0.7-2","2026-07-16 21:00:07 UTC","Latent Variable Analysis",NA,NA,NA,991360
"brms","added","include","general","estimation","Added outside the search as Bayesian multivariate regression used for mediation and as a multilevelmediation backend","2.23.0","2025-09-09 10:50:02 UTC","Bayesian Regression Models using 'Stan'",NA,NA,NA,585005
"mediation","search","include","dedicated","estimation","Causal mediation analysis (Imai et al.) with sensitivity analysis","4.5.1","2025-06-07 23:50:02 UTC","Causal Mediation Analysis",TRUE,TRUE,TRUE,298617
"WRS2","search","include","general","estimation","Robust mediation within a robust-statistics toolkit","1.1-7","2025-05-22 05:25:05 UTC","A Collection of Robust Statistical Methods",FALSE,TRUE,FALSE,135252
"MBESS","search","include","general","estimation","Mediation function within a general behavioral-science toolkit","5.0.1","2026-06-04 15:30:08 UTC","The MBESS R Package",FALSE,TRUE,FALSE,128478
"QuantPsyc","search","include","general","testing","Mediation test within a quantitative psychology toolkit","1.6","2022-06-03 21:50:04 UTC","Quantitative Psychology Tools",FALSE,TRUE,FALSE,45716
"power4mome","search","include","dedicated","power","Power for moderation and mediation in SEM and regression","0.2.1","2026-03-24 05:10:02 UTC","Power Analysis for Moderation and Mediation",TRUE,TRUE,FALSE,37220
"piecewiseSEM","search","include","general","estimation","Indirect effects in piecewise SEM","2.3.1","2025-09-02 19:30:02 UTC","Piecewise Structural Equation Modeling",FALSE,TRUE,FALSE,36499
"bruceR","search","include","general","estimation","PROCESS-style mediation and moderation within a general toolkit","2026.1","2026-01-29 14:20:02 UTC","Broadly Useful Convenient and Efficient R Functions",FALSE,TRUE,FALSE,30064
"frailtypack","search","include","general","estimation","Surrogate-endpoint models with a mediation analysis option for survival data","3.8.1","2026-08-25 11:10:10 UTC","Shared, Joint (Generalized) Frailty Models; Surrogate Endpoints",FALSE,TRUE,FALSE,29049
"WebPower","search","include","general","power","Power analysis including mediation","0.9.4","2023-10-13 20:20:02 UTC","Basic and Advanced Statistical Power Analysis",FALSE,TRUE,FALSE,21836
"tmle","search","include","general","estimation","TMLE with an optional binary mediator for controlled direct effects","2.1.1","2025-08-30 15:10:02 UTC","Targeted Maximum Likelihood Estimation",FALSE,TRUE,FALSE,20458
"regsem","search","include","general","estimation","Exploratory mediation (XMed) within regularized SEM","1.9.5","2023-06-02 09:00:02 UTC","Regularized Structural Equation Modeling",FALSE,TRUE,FALSE,12938
"medflex","search","include","dedicated","estimation","Natural effect models (weighting and imputation)","0.6-11","2025-10-13 15:30:02 UTC","Flexible Mediation Analysis Using Natural Effect Models",TRUE,TRUE,TRUE,12664
"causalweight","search","include","general","estimation","Double machine learning and weighting estimators of natural direct and indirect effects among other causal estimators","1.1.6","2026-09-25 08:30:09 UTC","Estimation Methods for Causal Inference Based on Inverse Probability Weighting and Doubly Robust Estimation",FALSE,TRUE,TRUE,10232
"manymome","search","include","dedicated","estimation","Indirect, conditional, and conditional indirect effects after model fitting","0.3.7","2026-09-03 05:20:28 UTC","Mediation, Moderation and Moderated-Mediation After Model Fitting",TRUE,TRUE,FALSE,8962
"RMediation","search","include","dedicated","testing","Confidence intervals for indirect effects (distribution of the product)","1.6.1","2026-07-21 23:40:02 UTC","Mediation Analysis Confidence Intervals",TRUE,TRUE,FALSE,8870
"powerMediation","search","include","dedicated","power","Power and sample size for mediation tests","0.3.4","2021-03-23 14:20:02 UTC","Power/Sample Size Calculation for Mediation Analysis",TRUE,TRUE,FALSE,8112
"regmedint","search","include","dedicated","estimation","Regression-based causal mediation with interaction and effect modification","1.0.2","2026-03-06 08:00:02 UTC","Regression-Based Causal Mediation Analysis with Interaction and Effect Modification Terms",TRUE,TRUE,TRUE,7698
"ergMargins","search","include","general","estimation","Mediation (process analysis) in exponential random graph models","1.6.2","2026-06-18 05:10:14 UTC","Process Analysis for Exponential Random Graph Models",FALSE,TRUE,FALSE,7616
"multilevelmediation","search","include","dedicated","estimation","Multilevel (1-1-1) mediation by bootstrap with nlme or glmmTMB fits or Bayesian estimation with brms","0.5.0","2026-09-07 18:00:02 UTC","Utility Functions for Multilevel Mediation Analysis",TRUE,TRUE,FALSE,7335
"abima","search","include","dedicated","testing","Adaptive bootstrap test of the composite null of no mediation","1.1","2024-10-25 23:30:10 UTC","Adaptive Bootstrap Inference for Mediation Analysis with Enhanced Statistical Power",TRUE,TRUE,FALSE,6944
"paths","search","include","dedicated","estimation","Path-specific effects by imputation or imputation-based weighting with bias formulas","0.1.2","2025-12-22 17:00:09 UTC","An Imputation Approach to Estimating Path-Specific Causal Effects",FALSE,TRUE,TRUE,6478
"robmedExtra","search","include","dedicated","infrastructure","Graphical interface and extensions for robmed","0.1.1","2024-11-03 12:10:01 UTC","Extra Functionality for (Robust) Mediation Analysis",TRUE,TRUE,FALSE,6076
"moderate.mediation","search","include","dedicated","estimation","Causal moderated mediation","0.0.12","2025-08-22 12:00:07 UTC","Causal Moderated Mediation Analysis",TRUE,TRUE,FALSE,6069
"robmed","search","include","dedicated","estimation","Robust mediation by MM-estimation with fast-and-robust bootstrap","1.3.0","2025-12-09 06:10:13 UTC","(Robust) Mediation Analysis",TRUE,TRUE,FALSE,6053
"MarZIC","search","include","dedicated","estimation","Zero-inflated compositional mediators","1.0.1","2025-05-24 21:10:02 UTC","Marginal Mediation Effects with Zero-Inflated Compositional Mediator",TRUE,TRUE,FALSE,6043
"HIMA","search","include","dedicated","estimation","High-dimensional mediation by screening and penalized regression","2.3.4","2026-08-30 15:20:15 UTC","High-Dimensional Mediation Analysis",TRUE,TRUE,TRUE,5645
"EMAS","search","include","dedicated","estimation","Epigenome-wide mediation screening","0.2.4","2025-12-21 14:30:02 UTC","Epigenome-Wide Mediation Analysis Study",TRUE,TRUE,FALSE,5623
"HDMT","search","include","dedicated","testing","Multiple testing of high-dimensional composite mediation null hypotheses","1.0.5","2022-01-29 19:00:02 UTC","A Multiple Testing Procedure for High-Dimensional Mediation Hypotheses",TRUE,TRUE,FALSE,5584
"csmGmm","search","include","general","testing","Composite-null testing for large-scale mediation and other applications","0.5.0","2026-06-16 15:20:02 UTC","Conditionally Symmetric Multidimensional Gaussian Mixture Model",FALSE,TRUE,FALSE,5507
"gtregression","search","include","general","estimation","Wrapper for causal mediation analysis within a regression-table toolkit","1.1.0","2026-08-21 07:30:02 UTC","Tools for Creating Publication-Ready Regression Tables",FALSE,TRUE,FALSE,5409
"mma","search","include","dedicated","estimation","Multiple mediation with MART and natural cubic splines","10.8-1","2025-04-30 16:50:02 UTC","Multiple Mediation Analysis",TRUE,TRUE,FALSE,5370
"seminrExtras","search","include","general","estimation","Mediator contribution analysis in PLS-SEM","1.0.3","2026-08-19 22:50:03 UTC","Conduct Additional Modeling and Analysis for 'seminr'",FALSE,TRUE,FALSE,5366
"vaccine","search","include","general","estimation","Natural direct and indirect effects for immune correlates within a vaccine-trial toolkit","1.4.0","2026-07-05 13:40:02 UTC","Statistical Tools for Immune Correlates Analysis of Vaccine Clinical Trial Data",FALSE,TRUE,FALSE,5364
"bmlm","search","include","dedicated","estimation","Bayesian multilevel (1-1-1) mediation via Stan","1.3.15","2023-09-25 14:22:24 UTC","Bayesian Multilevel Mediation",TRUE,TRUE,FALSE,5300
"bmem","search","include","dedicated","estimation","Mediation with missing data (bootstrap with listwise or pairwise deletion, multiple imputation, or two-stage ML) and power analysis","2.3","2026-08-31 21:20:02 UTC","Mediation Analysis with Missing Data Using Bootstrap",TRUE,TRUE,TRUE,5123
"bama","search","include","dedicated","estimation","Bayesian high-dimensional mediation (BSLMM and PTG priors)","1.3.1","2025-09-20 05:10:16 UTC","High Dimensional Bayesian Mediation Analysis",TRUE,TRUE,TRUE,5063
"maczic","search","include","dedicated","estimation","Mediation for count and zero-inflated count data","1.1.0","2026-04-02 16:31:23","Mediation Analysis for Count and Zero-Inflated Count Data",TRUE,TRUE,FALSE,4855
"SMUT","search","include","dedicated","testing","Multi-SNP mediation intersection-union test","1.1","2019-09-24 04:40:08 UTC","Multi-SNP Mediation Intersection-Union Test",TRUE,TRUE,FALSE,4472
"pwr2ppl","search","include","general","power","Power analysis including mediation designs","0.6.0","2026-01-27 06:40:02 UTC","Power Analyses for Common Designs (Power to the People)",FALSE,TRUE,FALSE,4355
"bmemLavaan","search","include","dedicated","estimation","Mediation with missing and non-normal data via lavaan","0.7","2026-02-03 23:00:27 UTC","Mediation Analysis with Missing Data and Non-Normal Data",TRUE,TRUE,TRUE,4252
"unvs.med","search","include","dedicated","estimation","Universal bootstrap approach for multi-category exposures and effect scales","1.1.2","2026-08-23 06:30:02 UTC","A Universal Approach for Causal Mediation Analysis",TRUE,TRUE,FALSE,4002
"Spower","search","include","general","power","Simulation-based power analysis including mediation","0.6.4","2026-06-18 02:50:02 UTC","Power Analyses using Monte Carlo Simulations",FALSE,TRUE,FALSE,4000
"endogeneity","search","include","general","estimation","Recursive two-stage models for endogenous mediators in experiments","2.1.6","2026-07-22 06:00:08 UTC","Recursive Two-Stage Models to Address Endogeneity",FALSE,TRUE,FALSE,3949
"JSmediation","search","include","dedicated","testing","Joint-significance tests","0.2.3","2025-01-26 19:10:02 UTC","Mediation Analysis Using Joint Significance",TRUE,TRUE,FALSE,3871
"cit","search","include","dedicated","testing","Likelihood-based causal inference test of mediation in genomics","2.3.2","2024-06-28 19:20:02 UTC","Causal Inference Test",FALSE,TRUE,TRUE,3854
"DirectEffects","search","include","dedicated","estimation","Controlled direct effects by sequential g-estimation, telescope matching, weighting, imputation, and augmented weighting","0.3","2024-10-04 15:50:08 UTC","Estimating Controlled Direct Effects for Explaining Causal Findings",FALSE,TRUE,TRUE,3773
"MarginalMediation","search","include","dedicated","estimation","Mediation on the average-marginal-effect scale","0.7.3","2026-01-18 03:10:02 UTC","Marginal Mediation",TRUE,TRUE,FALSE,3701
"SRMERS","search","include","general","estimation","Direct and indirect effects under shape restrictions","0.1.1","2026-01-13 18:30:07 UTC","Semi-Parametric Shape-Restricted Fixed/Mixed Effect(s) Regression Spline",FALSE,TRUE,FALSE,3638
"mlma","search","include","dedicated","estimation","Multilevel mediation with multilevel models on user-specified transformations","6.3-1","2023-08-29 20:50:02 UTC","Multilevel Mediation Analysis",TRUE,TRUE,FALSE,3609
"bayesics","search","include","general","estimation","Bayesian mediation following Imai et al. within a general Bayesian toolkit","3.1.0","2026-09-30 19:20:10 UTC","Bayesian Analyses for One- and Two-Sample Inference and Regression Methods",FALSE,TRUE,FALSE,3586
"causal.decomp","search","include","dedicated","decomposition","Causal decomposition of disparities via mediator imputation and product of coefficients","0.2.0","2025-08-27 16:20:22 UTC","Causal Decomposition Analysis",FALSE,TRUE,FALSE,3582
"GMAC","search","include","dedicated","testing","Genomic mediation testing with adaptive confounder adjustment","3.2","2025-12-11 19:10:02 UTC","Genomic Mediation Analysis with Adaptive Confounding Adjustment",TRUE,TRUE,FALSE,3515
"MRTAnalysis","search","include","general","estimation","Mediated causal excursion effects in micro-randomized trials among other analyses","0.4.1","2026-01-24 22:00:02 UTC","Assessing Proximal, Distal, and Mediated Causal Excursion Effects for Micro-Randomized Trials",TRUE,TRUE,FALSE,3438
"exploratory","search","include","general","estimation","Point-and-click exploratory analyses that include mediation models","0.3.31","2023-10-10 10:30:05 UTC","A Tool for Large-Scale Exploratory Analyses",FALSE,TRUE,FALSE,3410
"regmed","search","include","dedicated","estimation","Regularized mediation by penalized SEM","2.1.5","2025-08-28 20:10:11 UTC","Regularized Mediation Analysis",TRUE,TRUE,FALSE,3408
"odr","search","include","general","power","Optimal design and power including mediation designs","1.8.3","2026-02-11 16:10:03 UTC","Optimal Design and Statistical Power for Experimental Studies Investigating Main, Mediation, and Moderation Effects",TRUE,TRUE,FALSE,3384
"cTMed","search","include","dedicated","estimation","Continuous-time mediation effects","1.0.10","2026-07-21 13:40:02 UTC","Continuous-Time Mediation",TRUE,TRUE,FALSE,3376
"ieTest","search","include","dedicated","testing","Tests of the indirect effect in linear mediation","2.1","2026-04-16 20:00:02 UTC","Indirect Effects Testing Methods in Mediation Analysis",TRUE,TRUE,FALSE,3207
"BayesianMediationA","search","include","dedicated","estimation","Bayesian general mediation analysis (Yu and Li)","1.0.1","2022-09-24 23:40:02 UTC","Bayesian Mediation Analysis",TRUE,TRUE,FALSE,3202
"twangMediation","search","include","dedicated","estimation","Weighting estimators of natural effects","1.2.1","2025-11-16 08:20:02 UTC","Twang Causal Mediation Modeling via Weighting",TRUE,TRUE,TRUE,3188
"LDM","search","include","general","testing","Tests of mediation by the microbiome within a microbiome testing framework","6.0.1","2023-09-07 08:40:07 UTC","Testing Hypotheses About the Microbiome using the Linear Decomposition Model",FALSE,TRUE,FALSE,3176
"ExactMed","search","include","dedicated","estimation","Exact regression-based mediation for binary outcomes","0.3.0","2023-09-22 15:10:06 UTC","Exact Mediation Analysis for Binary Outcomes",TRUE,TRUE,FALSE,3118
"BayesGmed","search","include","dedicated","estimation","Bayesian g-formula for causal mediation via Stan","0.0.3","2024-01-31 14:00:06 UTC","Bayesian Causal Mediation Analysis using 'Stan'",TRUE,TRUE,FALSE,3110
"MultisiteMediation","search","include","dedicated","estimation","Multisite trials by RMPW and method of moments","0.0.4","2021-09-05 16:00:02 UTC","Causal Mediation Analysis in Multisite Trials",TRUE,TRUE,TRUE,3082
"funmediation","search","include","dedicated","estimation","Functional mediation with a distal outcome","1.0.2","2023-11-09 08:30:02 UTC","Functional Mediation for a Distal Outcome",TRUE,TRUE,FALSE,3029
"crumble","search","include","dedicated","estimation","Riesz-representer estimators for natural, organic, interventional, and recanting-twin effects","0.1.2","2024-12-02 17:50:02 UTC","Flexible and General Mediation Analysis Using Riesz Representers",TRUE,TRUE,FALSE,3010
"CIEE","search","include","dedicated","estimation","Direct effects in DAGs by estimating equations","0.1.1","2018-03-19 16:00:23 UTC","Estimating and Testing Direct Effects in Directed Acyclic Graphs using Estimating Equations",FALSE,TRUE,FALSE,2997
"rmedsem","search","include","dedicated","estimation","Mediation summaries for SEMs (Baron-Kenny and Zhao et al.)","1.1.0","2026-09-16 07:30:02 UTC","Statistical Mediation Analysis for SEMs",TRUE,TRUE,FALSE,2912
"mzipmed","search","include","dedicated","estimation","Zero-inflated count mediator or outcome via MZIP","1.4.0","2023-07-07 16:30:02 UTC","Mediation using MZIP Model",TRUE,TRUE,FALSE,2887
"ccmEstimator","search","include","dedicated","estimation","Comparative causal mediation across treatments","1.0.0","2021-09-28 12:20:02 UTC","Comparative Causal Mediation Estimation",TRUE,TRUE,FALSE,2882
"netmediate","search","include","dedicated","estimation","Average micro mediated effects in social networks","1.1.1","2026-01-27 14:50:02 UTC","Micro-Macro Analysis for Social Networks",FALSE,TRUE,FALSE,2791
"rmpw","search","include","dedicated","estimation","Ratio-of-mediator-probability weighting","0.0.6","2025-11-17 16:10:02 UTC","Causal Mediation Analysis Using Weighting Approach",TRUE,TRUE,TRUE,2777
"cfdecomp","search","include","dedicated","decomposition","Counterfactual decomposition of group differences by g-formula Monte Carlo integration","0.4.0","2021-08-11 20:40:02 UTC","Counterfactual Decomposition: MC Integration of the G-Formula",FALSE,TRUE,TRUE,2763
"rbw","search","include","general","estimation","Controlled direct effects by residual balancing weights among other uses","0.3.2","2022-03-01 18:10:10 UTC","Residual Balancing Weights for Marginal Structural Models",FALSE,TRUE,FALSE,2748
"COMMA","search","include","dedicated","estimation","Binary misclassified mediator","1.1.1","2024-12-13 21:10:02 UTC","Correcting Misclassified Mediation Analysis",TRUE,TRUE,FALSE,2706
"multimediate","search","include","dedicated","estimation","Multiple uncausally related mediators","0.1.6","2026-05-21 07:20:21 UTC","Causal Mediation Analysis in Presence of Multiple Mediators Uncausally Related",TRUE,TRUE,FALSE,2693
"CMMs","search","include","dedicated","estimation","Compositional mediators","1.0.0","2022-10-17 06:35:19 UTC","Compositional Mediation Model",TRUE,TRUE,FALSE,2690
"TransHDM","search","include","dedicated","estimation","High-dimensional mediation by transfer learning","1.1.3","2026-08-20 22:52:14 UTC","High-Dimensional Mediation Analysis via Transfer Learning",TRUE,TRUE,FALSE,2684
"GEEmediate","search","include","dedicated","estimation","Difference method with GEE for natural direct and indirect effects","1.1.4","2023-01-16 16:50:05 UTC","Mediation Analysis for Generalized Linear Models Using the Difference Method",TRUE,TRUE,FALSE,2622
"MAZE","search","include","dedicated","estimation","Zero-inflated mediators","0.0.2","2023-02-16 08:20:10 UTC","Mediation Analysis for Zero-Inflated Mediators",TRUE,TRUE,FALSE,2614
"RAMpath","search","include","general","estimation","Decomposes total effects into direct and indirect effects in SEM","0.5.1","2023-08-27 13:30:02 UTC","Structural Equation Modeling Using the Reticular Action Model (RAM) Notation",FALSE,TRUE,FALSE,2613
"mediationsens","search","include","dedicated","sensitivity","Simulation-based sensitivity analysis to unmeasured baseline confounding","0.0.3","2024-03-06 05:00:02 UTC","Simulation-Based Sensitivity Analysis for Causal Mediation Studies",TRUE,TRUE,TRUE,2580
"MRmediation","search","include","dedicated","estimation","Methylated region as mediator","1.0.1","2020-12-17 22:50:16 UTC","A Causal Mediation Method with Methylated Region (MR) as the Mediator",TRUE,TRUE,FALSE,2579
"intmed","search","include","dedicated","estimation","Interventional effects for up to three mediators","0.1.2","2020-08-27 17:20:02 UTC","Mediation Analysis using Interventional Effects",TRUE,TRUE,FALSE,2572
"multimedia","search","include","dedicated","estimation","Multimodal (microbiome) mediation","0.2.0","2024-09-18 12:30:05 UTC","Multimodal Mediation Analysis",TRUE,TRUE,FALSE,2554
"bmabart","search","include","dedicated","estimation","Bayesian mediation with BART","2.0","2025-06-26 18:50:02 UTC","Bayesian Mediation Analysis Using BART",TRUE,TRUE,FALSE,2450
"mediateP","search","include","dedicated","estimation","Product method for natural indirect effect and mediation proportion","0.2.0","2022-02-05 00:30:11 UTC","Mediation Analysis Based on the Product Method",TRUE,TRUE,FALSE,2443
"mmabig","search","include","dedicated","estimation","Multiple mediation for large datasets with elastic net","3.2-0","2023-08-29 17:00:02 UTC","Multiple Mediation Analysis for Big Data Sets",TRUE,TRUE,FALSE,2387
"iMediate","search","include","dedicated","estimation","Likelihood methods for mediation","0.5.5","2019-03-26 07:10:03 UTC","Likelihood Methods for Mediation Analysis",TRUE,TRUE,FALSE,2351
"silp","search","include","general","estimation","Mediation and moderation among latent variables (RAPI)","1.0.3","2025-04-06 14:00:01 UTC","Conditional Process Analysis (CPA) via SEM Approach",FALSE,TRUE,FALSE,2317
"sensmediation","search","include","dedicated","sensitivity","Parametric estimation and sensitivity analysis for direct and indirect effects","0.3.1","2024-09-26 22:20:02 UTC","Parametric Estimation and Sensitivity Analysis of Direct and Indirect Effects",TRUE,TRUE,FALSE,2296
"hdbma","search","include","dedicated","estimation","Bayesian high-dimensional mediation (adaptive Laplace priors via JAGS)","1.0","2023-12-15 12:30:02 UTC","Bayesian Mediation Analysis with High-Dimensional Data",TRUE,TRUE,FALSE,2272
"HDMAADMM","search","include","dedicated","estimation","ADMM estimation for high-dimensional mediation","0.0.1","2023-11-29 14:00:16 UTC","ADMM for High-Dimensional Mediation Models",TRUE,TRUE,FALSE,2251
"CEDMr","search","include","general","estimation","Doubly robust causal mediation within a developmental-model toolkit","0.1.0","2026-04-08 14:30:02 UTC","Capability-Ecological Developmental Model (CEDM) Analysis",FALSE,TRUE,FALSE,2247
"medScan","search","include","dedicated","testing","Large-scale single-mediator hypothesis testing","1.0.2","2024-03-06 01:00:12 UTC","Large Scale Single Mediator Hypothesis Testing",TRUE,TRUE,FALSE,2244
"messi","search","include","dedicated","estimation","Mediation with external summary statistics on the total effect","0.1.2","2025-01-09 22:40:02 UTC","Mediation with External Summary Statistic Information",TRUE,TRUE,FALSE,2243
"SMAHP","search","include","dedicated","estimation","High-dimensional proteogenomic mediation with survival outcomes","0.0.5","2025-03-24 12:00:12 UTC","Survival Mediation Analysis of High-Dimensional Proteogenomic Data",TRUE,TRUE,FALSE,2229
"RsqMed","search","include","dedicated","estimation","R-squared total mediation effect size for high-dimensional mediators","1.1","2023-11-14 17:20:12 UTC","Total Mediation Effect Size Measure for High-Dimensional Mediators",TRUE,TRUE,FALSE,2035
"wsMed","search","include","dedicated","estimation","Within-subject mediation via lavaan","1.1.0","2026-09-18 04:40:02 UTC","Within-Subject Mediation Analysis Using Structural Equation Modeling",TRUE,TRUE,FALSE,2029
"MedZIsc","search","include","dedicated","estimation","Co-mediators in zero-inflated single-cell data","0.0.5","2026-08-28 09:50:43 UTC","Statistical Framework for Co-Mediators of Zero-Inflated Single-Cell Data",TRUE,TRUE,FALSE,2013
"RobustMediate","search","include","dedicated","estimation","IPW natural effects for continuous exposures with diagnostics and sensitivity analysis","0.1.1","2026-04-16 09:12:11 UTC","Causal Mediation Analysis with Diagnostics and Sensitivity Analysis",TRUE,TRUE,FALSE,1914
"MED","search","include","dedicated","estimation","Non-parametric natural effects by tilted balancing","0.1.0","2018-03-22 11:50:15 UTC","Mediation by Tilted Balancing",TRUE,TRUE,FALSE,1739
"tvmediation","search","include","dedicated","estimation","Time-varying mediation","1.1.1","2026-03-30 20:50:02 UTC","Time Varying Mediation Analysis",TRUE,TRUE,FALSE,1690
"MLFDR","search","include","dedicated","testing","High-dimensional mediation by local false discovery rates","0.1.0","2025-12-01 14:40:27 UTC","High Dimensional Mediation Analysis using Local False Discovery Rates",TRUE,TRUE,FALSE,1565
"buzzMed","search","include","dedicated","estimation","Bayesian mediator selection in exploratory mediation models","0.1.4","2026-09-01 20:20:09 UTC","Bayesian Understanding for Mediator Selection Framework",TRUE,TRUE,FALSE,1273
"medfit","search","include","dedicated","infrastructure","Infrastructure for fitting and extracting mediation models","0.3.2","2026-07-23 17:00:02 UTC","Infrastructure for Mediation Model Fitting and Extraction",TRUE,TRUE,FALSE,1125
"UKBAnalytica","search","include","general","estimation","Mediation analysis within a UK Biobank workflow toolkit","1.0.0","2026-06-30 11:00:07 UTC","UK Biobank Data Processing and Survival Analysis Toolkit",FALSE,TRUE,FALSE,950
"wqrr","search","include","general","estimation","Wavelet quantile mediation for time series","1.0.0","2026-06-08 15:00:02 UTC","Wavelet Quantile Regression Toolbox",FALSE,TRUE,FALSE,803
"ria.test","search","include","dedicated","testing","Tests equality of natural effects and randomized interventional analogues","0.3.0","2026-09-15 00:20:02 UTC","Testing Equality of Natural Mediation Effects and Their Randomized Interventional Analogues",TRUE,TRUE,FALSE,780
"AgriDataTools","search","include","general","estimation","Dewey-Lu path coefficient analysis (direct and indirect effects) within an agricultural statistics suite","0.2.1","2026-09-02 12:20:33 UTC","Automated Statistical Analysis and Tools for Agricultural Research",FALSE,TRUE,FALSE,762
"medmod","search","include","dedicated","estimation","Simple mediation and moderation via lavaan","1.2.0","2026-07-16 04:10:02 UTC","Simple Mediation and Moderation Analysis",TRUE,TRUE,FALSE,615
"CauMedi","search","include","dedicated","estimation","Cell type-specific causal mediation for single-cell data","0.1.1","2026-08-04 13:50:12 UTC","Cell Type-Specific Causal Mediation Models for Single-Cell Data",TRUE,TRUE,FALSE,471
"DMAR","search","include","general","estimation","Mediation models with bootstrap intervals and likelihood ratio tests within a general toolkit","1.0.0","2026-09-21 20:50:14 UTC","Design, Measurement, and Analysis in R (DMAR)",FALSE,TRUE,FALSE,239
"CMAverse","added","include","dedicated","estimation","Added outside the search as a GitHub-only suite of six cmest() approaches and a multistate approach",NA,NA,NA,NA,NA,NA,NA
"medltmle","added","include","dedicated","estimation","Added outside the search as a GitHub-only implementation of TMLE, weighting, and g-computation for longitudinal mediation",NA,NA,NA,NA,NA,NA,NA
"connectcreds","search","exclude","","","Keyword used in another sense (credentials ""mediated by"" Posit Connect)","0.2.0","2026-03-02 22:40:02 UTC","Manage 'OAuth' Credentials from 'Posit Connect'",FALSE,TRUE,FALSE,62029
"discovr","search","exclude","","","Interactive tutorials and data for a textbook, with no mediation estimation functions of its own","1.0.0","2026-02-05 11:40:13 UTC","Interactive Tutorials and Data for ""Discovering Statistics Using R and RStudio""",FALSE,TRUE,FALSE,42607
"influential","search","exclude","","","Ranks network and omics features without estimating mediation","2.3.2","2026-08-23 12:30:02 UTC","Identification and Classification of the Most Influential Nodes",FALSE,TRUE,FALSE,7637
"betaMC","search","exclude","","","Monte Carlo intervals for standardized regression effect sizes, with indirect effects cited only as background","1.3.4","2026-06-11 23:30:07 UTC","Monte Carlo for Regression Effect Sizes",FALSE,TRUE,FALSE,4494
"iglm","search","exclude","","","Keyword used in another sense (""network-mediated phenomena"")","1.2.6","2026-09-23 14:50:08 UTC","Regression under Interference in Connected Populations",FALSE,TRUE,FALSE,3862
"portvine","search","exclude","","","Keyword matches a web address (""mediatum"")","1.0.3","2024-01-18 16:30:02 UTC","Vine Based (Un)Conditional Portfolio Risk Measure Estimation",FALSE,TRUE,FALSE,2960
"causalplot","search","exclude","","","Draws causal diagrams only, with no mediation estimation","0.2.1","2026-03-16 19:00:02 UTC","Create Publication-Ready Causal Diagrams",FALSE,TRUE,FALSE,2863
"banffIT","search","exclude","","","Keyword used in another sense (""T-cell mediated rejection"")","2.0.0","2025-07-05 12:40:06 UTC","Automated Standardized Assignment of the Banff Classification",FALSE,TRUE,FALSE,2842
"SeqKat","search","exclude","","","Keyword used in another sense (""APOBEC mediated"" kataegis)","0.0.9","2026-01-24 00:20:01 UTC","Detection of Kataegis",FALSE,TRUE,FALSE,2609
"cmmr","search","exclude","","","Keyword used in another sense (""CEU Mass Mediator"" metabolite annotation service)","1.0.3","2024-10-04 20:10:34 UTC","CEU Mass Mediator RESTful API",TRUE,TRUE,FALSE,2514
"budgetIVr","search","exclude","","","Instrumental variable method whose description uses the keyword for the exclusion restriction","0.1.2","2025-04-16 14:20:09 UTC","Partial Identification of Causal Effects with Mostly Invalid Instruments",FALSE,TRUE,FALSE,2485
"latenetwork","search","exclude","","","Local average indirect effects of network spillover under instruments, which are spillover effects without a mediator","1.0.1","2023-08-08 16:10:02 UTC","Inference on LATEs under Network Interference of Unknown Form",FALSE,TRUE,FALSE,2327
"leakyIV","search","exclude","","","Instrumental variable method whose description uses the keyword for the exclusion restriction","0.0.1","2024-04-09 09:20:03 UTC","Leaky Instrumental Variables",FALSE,TRUE,FALSE,2327
"rise","search","exclude","","","Keyword used in another sense (""technology-mediated courses"")","1.0.4","2018-10-04 17:50:03 UTC","Conduct RISE Analysis",FALSE,TRUE,FALSE,2164
"purging","search","exclude","","","Residualizes regressors to remove mediation without estimating mediation effects","1.0.0","2018-03-21 09:59:03 UTC","Simple Method for Purging Mediation Effects among Independent Variables",TRUE,TRUE,FALSE,2013
"mvfmr","search","exclude","","","Multivariable functional Mendelian randomization that treats mediation between exposures as a modeling scenario only","0.2.0","2026-07-14 07:10:02 UTC","Functional Multivariable Mendelian Randomization",FALSE,TRUE,FALSE,1653
"statfidelity","search","exclude","","","Keyword used in another sense (""AI-mediated"" statistics)","0.1.0","2026-09-03 12:10:08 UTC","Audit Statistical Fidelity of AI-Mediated Official Statistics",TRUE,FALSE,FALSE,293
"AI4OfficialStats","search","exclude","","","Keyword used in another sense (""AI-mediated"" statistics)","0.2.0","2026-09-24 09:10:22 UTC","Audit Statistical Fidelity of AI-Mediated Official Statistics",TRUE,FALSE,FALSE,240
"HRRI","search","exclude","","","Keyword used in another sense (""mediated electrochemical"" measurement)","1.0.6","2026-09-23 04:30:02 UTC","Diagnostics for Soil-Plant-Microbial Redox Recovery",FALSE,TRUE,FALSE,192
