"scenario","outcome","interaction","approach","spec","effect","reps","failed","est","mcse","truth","bias"
"s36","binary",FALSE,"impute","conditional","pnde",20,0,0.393982188655035,0.00356295150402998,0.38618080131665,0.00780138733838526
"s36","binary",FALSE,"impute","conditional","tnie",20,0,0.191071537449558,0.00301139603244352,0.192705508870897,-0.00163397142133884
"s36","binary",FALSE,"impute","marginal","pnde",20,0,0.503544581794151,0.00521877445839859,0.369467750712575,0.134076831081576
"s36","binary",FALSE,"impute","marginal","tnie",20,0,0.212673199080936,0.0105453678131445,0.184064109847679,0.0286090892332568
"s36","binary",FALSE,"weight","conditional","pnde",20,0,0.39894874657645,0.00559695895356083,0.38618080131665,0.0127679452597999
"s36","binary",FALSE,"weight","conditional","tnie",20,0,0.189171606798551,0.00411764167305214,0.192705508870897,-0.00353390207234616
"s36","binary",FALSE,"weight","marginal","pnde",18,2,0.555452987910458,0.0452401925530534,0.369467750712575,0.185985237197883
"s36","binary",FALSE,"weight","marginal","tnie",18,2,0.31207429126326,0.0263213489243016,0.184064109847679,0.128010181415581
"s40","binary",TRUE,"impute","conditional","pnde",20,0,0.441268877349813,0.00400094843876305,0.451099943453182,-0.00983106610336815
"s40","binary",TRUE,"impute","conditional","tnie",20,0,0.313110064731771,0.00255776407438768,0.315251907081195,-0.00214184234942394
"s40","binary",TRUE,"impute","marginal","pnde",20,0,0.556724585172212,0.00839665994543772,0.434530633250415,0.122193951921797
"s40","binary",TRUE,"impute","marginal","tnie",20,0,0.32709166701326,0.0114787489220525,0.297934003915237,0.029157663098023
"s40","binary",TRUE,"weight","conditional","pnde",20,0,0.450967856270935,0.00426662485086054,0.451099943453182,-0.00013208718224661
"s40","binary",TRUE,"weight","conditional","tnie",20,0,0.311516526427381,0.00323721536273803,0.315251907081195,-0.00373538065381396
"s40","binary",TRUE,"weight","marginal","pnde",19,1,0.54612436742001,0.0264878974110567,0.434530633250415,0.111593734169595
"s40","binary",TRUE,"weight","marginal","tnie",19,1,0.349358014107859,0.0208202597718415,0.297934003915237,0.051424010192622
"s35","continuous",FALSE,"impute","conditional","pnde",20,0,0.398967777702185,0.0015205592202877,0.4,-0.00103222229781508
"s35","continuous",FALSE,"impute","conditional","tnie",20,0,0.201159693669744,0.00107409376915423,0.2,0.00115969366974386
"s35","continuous",FALSE,"impute","marginal","pnde",20,0,0.53772471593246,0.00362977651711682,0.4,0.137724715932459
"s35","continuous",FALSE,"impute","marginal","tnie",20,0,0.22814909001812,0.00979358776362159,0.2,0.0281490900181196
"s35","continuous",FALSE,"weight","conditional","pnde",20,0,0.398047468686414,0.00263144636899106,0.4,-0.0019525313135863
"s35","continuous",FALSE,"weight","conditional","tnie",20,0,0.200778303592101,0.00124812455879104,0.2,0.000778303592101348
"s35","continuous",FALSE,"weight","marginal","pnde",20,0,0.429335328923738,0.0167307282326318,0.4,0.029335328923738
"s35","continuous",FALSE,"weight","marginal","tnie",20,0,0.301652853252727,0.0130663877247592,0.2,0.101652853252727
"s39","continuous",TRUE,"impute","conditional","pnde",20,0,0.44714502569797,0.0027521085407343,0.445,0.00214502569797032
"s39","continuous",TRUE,"impute","conditional","tnie",20,0,0.348120275817272,0.00188952924445512,0.35,-0.00187972418272836
"s39","continuous",TRUE,"impute","marginal","pnde",20,0,0.581842512249191,0.0076157455291259,0.445,0.136842512249191
"s39","continuous",TRUE,"impute","marginal","tnie",20,0,0.376399315971878,0.0159254162096448,0.35,0.0263993159718782
"s39","continuous",TRUE,"weight","conditional","pnde",20,0,0.441219066964703,0.00652221264683094,0.445,-0.00378093303529647
"s39","continuous",TRUE,"weight","conditional","tnie",20,0,0.355821262018651,0.0062909809609601,0.35,0.00582126201865052
"s39","continuous",TRUE,"weight","marginal","pnde",20,0,0.530814280349834,0.0222011664706443,0.445,0.0858142803498343
"s39","continuous",TRUE,"weight","marginal","tnie",20,0,0.497448325447247,0.0317862574786747,0.35,0.147448325447247
